actor,count,zscore
Unknown,1718,2.3197428074597677
arn:aws:iam::518097206937:root,1679,2.2562411837767278
