actor,count,zscore
cloudops,6,2.084986765262733
security_audit,6,2.084986765262733
