action,count,zscore
AssumeRole,1362,20.295016850442572
GetBucketAcl,351,5.1179925874173815
ListResources,166,2.3407923018984294
DescribeOrganization,153,2.145637687240341
ListPolicies,148,2.070578220064153
