action,count,zscore
StopInstances,5,0.8980265101338746
AddUserToGroup,5,0.8980265101338746
CreateRole,5,0.8980265101338746
CreateUser,5,0.8980265101338746
Unknown,4,0.1796053020267749
